city,name,company,phone,email,address
jakarta,Test1,Comp1,62,q@t.com,address1
jakarta,Test2,Comp2,62,q@t.com,address2
jakarta,Test3,Comp3,62,q@t.com,address3
jakarta,Test4,Comp4,62,q@t.com,address4
jakarta,Test5,Comp5,62,q@t.com,address5
jakarta,Test6,Comp6,62,q@t.com,address6
jakarta,Test7,Comp7,62,q@t.com,address7
jakarta,Test8,Comp8,62,q@t.com,address8
jakarta,Test9,Comp9,62,q@t.com,address9
jakarta,Test10,Comp10,62,q@t.com,address10
jakarta,Test11,Comp11,62,q@t.com,address11
jakarta,Test12,Comp12,62,q@t.com,address12
